Agente,Planta,Tipo,Hora_1,Hora_2,Hora_3,Hora_4,Hora_5,Hora_6,Hora_7,Hora_8,Hora_9,Hora_10,Hora_11,Hora_12,Hora_13,Hora_14,Hora_15,Hora_16,Hora_17,Hora_18,Hora_19,Hora_20,Hora_21,Hora_22,Hora_23,Hora_24
AES CHIVOR,CHIVOR1,D,125,125,125,125,125,125,125,125,125,125,125,125,125,125,125,125,125,125,125,125,125,125,125,125
AES CHIVOR,CHIVOR2,D,125,125,125,125,125,125,125,125,125,125,125,125,125,125,125,125,125,125,125,125,125,125,125,125
AES CHIVOR,CHIVOR3,D,125,125,125,125,125,125,125,125,125,125,125,125,125,125,125,125,125,125,125,125,125,125,125,125
AES CHIVOR,CHIVOR4,D,125,125,125,125,125,125,125,125,125,125,125,125,125,125,125,125,125,125,125,125,125,125,125,125
AES CHIVOR,CHIVOR5,D,125,125,125,125,125,125,125,125,125,125,125,125,125,125,125,125,125,125,125,125,125,125,125,125
AES CHIVOR,CHIVOR6,D,125,125,125,125,125,125,125,125,125,125,125,125,125,125,125,125,125,125,125,125,125,125,125,125
AES CHIVOR,CHIVOR7,D,125,125,125,125,125,125,125,125,0,0,0,0,0,0,0,0,0,0,0,0,0,0,0,0
AES CHIVOR,CHIVOR8,D,125,125,125,125,125,125,125,125,125,125,125,125,125,125,125,125,125,125,125,125,125,125,125,125
AES CHIVOR,TUNJITA,D,19.60,19.60,19.60,19.60,19.60,19.60,19.60,19.60,19.60,19.60,19.60,19.60,19.60,19.60,19.60,19.60,19.60,19.60,19.60,19.60,19.60,19.60,19.60,19.60
AXIA ENERGIA,AUTOGUNIBOL,D,1.00,1.00,1.00,1.00,1.00,1.00,1.00,1.00,1.00,1.00,1.00,1.00,1.00,1.00,1.00,1.00,1.00,1.00,1.00,1.00,1.00,1.00,1.00,1.00
BIOGAS DOÑA JUANA,DOÑAJUANA,D,0.60,0.60,0.60,0.60,0.60,0.60,0.60,0.60,0.60,0.60,0.60,0.60,0.60,0.60,0.60,0.60,0.60,0.60,0.60,0.60,0.60,0.60,0.60,0.60
C.T. EL MORRO 2,CIMARRON,D,19.90,19.90,19.90,19.90,19.90,19.90,19.90,19.90,19.90,19.90,19.90,19.90,19.90,19.90,19.90,19.90,19.90,19.90,19.90,19.90,19.90,19.90,19.90,19.90
C.T. EL MORRO 2,ELMORRO2,D,19.90,19.90,19.90,19.90,19.90,19.90,19.90,19.90,19.90,19.90,19.90,19.90,19.90,19.90,19.90,19.90,19.90,19.90,19.90,19.90,19.90,19.90,19.90,19.90
C.T. EL MORRO 2,ELMORRO1,D,19.90,19.90,19.90,19.90,19.90,19.90,19.90,19.90,19.90,19.90,19.90,19.90,19.90,19.90,19.90,19.90,19.90,19.90,19.90,19.90,19.90,19.90,19.90,19.90
CASCADA,SANMIGUEL1,D,22,22,22,22,22,22,22,22,22,22,22,22,22,22,22,22,22,22,22,22,22,22,22,22
CASCADA,SANMIGUEL2,D,22,22,22,22,22,22,22,22,22,22,22,22,22,22,22,22,22,22,22,22,22,22,22,22
CASCADA,ELPOPAL1,D,7.94,7.94,7.94,7.94,7.94,7.94,7.94,7.94,7.94,7.94,7.94,7.94,7.94,7.94,7.94,7.94,7.94,7.94,7.94,7.94,7.94,7.94,7.94,7.94
CASCADA,ELPOPAL2,D,7.94,7.94,7.94,7.94,7.94,7.94,7.94,7.94,7.94,7.94,7.94,7.94,7.94,7.94,7.94,7.94,7.94,7.94,7.94,7.94,7.94,7.94,7.94,7.94
CASCADA,ELMOLINO1,D,6.06,6.06,6.06,6.06,6.06,6.06,6.06,6.06,6.06,6.06,6.06,6.06,6.06,6.06,6.06,6.06,6.06,6.06,6.06,6.06,6.06,6.06,6.06,6.06
CASCADA,ELMOLINO2,D,6.06,6.06,6.06,6.06,6.06,6.06,6.06,6.06,6.06,6.06,6.06,6.06,6.06,6.06,6.06,6.06,6.06,6.06,6.06,6.06,6.06,6.06,6.06,6.06
CASCADA,SANMATIAS1,D,5.00,5.00,5.00,5.00,5.00,5.00,5.00,5.00,5.00,5.00,5.00,5.00,5.00,5.00,5.00,5.00,5.00,5.00,5.00,5.00,5.00,5.00,5.00,5.00
CASCADA,SANMATIAS2,D,5.00,5.00,5.00,5.00,5.00,5.00,5.00,5.00,5.00,5.00,5.00,5.00,5.00,5.00,5.00,5.00,5.00,5.00,5.00,5.00,5.00,5.00,5.00,5.00
CASCADA,LACASCADA(ANTIOQUIA),D,2.30,2.30,2.30,2.30,2.30,2.30,2.30,2.30,2.30,2.30,2.30,2.30,2.30,2.30,2.30,2.30,2.30,2.30,2.30,2.30,2.30,2.30,2.30,2.30
CASCADA,CARUQUIA,D,4.14,4.14,4.14,4.14,4.14,4.14,4.14,4.14,4.14,4.14,4.14,4.14,4.14,4.14,4.14,4.14,4.14,4.14,4.14,4.14,4.14,4.14,4.14,4.14
CASCADA,GUANAQUITAS,D,5.78,5.78,5.78,5.78,5.78,5.78,5.78,5.78,5.78,5.78,5.78,5.78,5.78,5.78,5.78,5.78,5.78,5.78,5.78,5.78,5.78,5.78,5.78,5.78
CASCADA,BARROSO,D,19.25,19.25,19.25,19.25,19.25,19.25,19.25,19.25,19.25,19.25,19.25,19.25,19.25,19.25,19.25,19.25,19.25,19.25,19.25,19.25,19.25,19.25,19.25,19.25
CCG ENERGY SAS ESP,PATICO-LACABRERA,D,1.30,1.30,1.30,1.30,1.30,1.30,1.30,1.30,1.30,1.30,1.30,1.30,1.30,1.30,1.30,1.30,1.30,1.30,1.30,1.30,1.30,1.30,1.30,1.30
CEDENAR,RIOMAYO1,D,0.00,0.00,0.00,0.00,0.00,6.60,6.60,6.60,6.60,6.60,6.60,6.60,6.60,6.60,6.60,6.60,6.60,6.60,6.60,6.60,6.60,6.60,6.60,6.60
CEDENAR,RIOMAYO2,D,0.00,0.00,0.00,0.00,0.00,6.52,6.52,6.52,6.52,6.52,6.52,0.00,0.00,0.00,0.00,0.00,6.52,6.52,6.52,6.52,6.52,6.52,6.52,6.52
CEDENAR,RIOMAYO3,D,6.52,6.52,6.52,6.52,6.52,6.52,6.52,6.52,6.52,6.52,6.52,0.00,0.00,0.00,0.00,0.00,6.52,6.52,6.52,6.52,6.52,6.52,6.52,6.52
CEDENAR,RIOSAPUYES,D,1.14,1.14,1.14,1.14,1.14,1.14,1.14,1.14,1.14,1.14,1.14,1.14,1.14,1.14,1.14,1.14,1.14,1.14,1.14,1.14,1.14,1.14,1.14,1.14
CEDENAR,RIOINGENIO,D,0.00,0.00,0.00,0.00,0.00,0.00,0.00,0.00,0.00,0.00,0.00,0.00,0.00,0.00,0.00,0.00,0.00,0.00,0.00,0.00,0.00,0.00,0.00,0.00
CEDENAR,JULIOBRAVO,D,0.81,0.81,0.81,0.81,0.81,0.81,0.81,0.81,0.81,0.81,0.81,0.81,0.81,0.81,0.81,0.81,0.81,0.81,0.81,0.81,0.81,0.81,0.81,0.81
CEDENAR,RIOBOBO,D,4.00,4.00,4.00,4.00,4.00,4.00,4.00,4.00,4.00,4.00,4.00,4.00,4.00,4.00,4.00,4.00,4.00,4.00,4.00,4.00,4.00,4.00,4.00,4.00
CELSIA,MERILECTRICA1,D,167,167,167,167,167,167,167,167,167,167,167,167,167,167,167,167,167,167,167,167,167,167,167,167
CELSIA,HIDROMONTAÑITAS1,D,7.00,7.00,7.00,7.00,7.00,7.00,6.00,6.00,6.00,6.00,6.00,6.00,6.00,8.00,9.00,9.00,9.00,9.00,9.00,9.00,9.00,9.00,9.00,9.00
CELSIA,HIDROMONTAÑITAS2,D,7.00,7.00,7.00,7.00,7.00,7.00,6.00,6.00,6.00,6.00,6.00,6.00,6.00,8.00,9.00,9.00,9.00,9.00,9.00,9.00,9.00,9.00,9.00,9.00
CELSIA,RIOPIEDRAS1,D,9.00,9.00,9.00,9.00,9.00,9.00,9.00,9.00,9.00,9.00,9.00,9.00,9.00,9.00,9.00,9.00,9.00,8.00,8.00,4.00,5.00,7.00,9.00,9.00
CELSIA,RIOPIEDRAS2,D,9.00,9.00,9.00,9.00,9.00,9.00,9.00,9.00,9.00,9.00,9.00,9.00,9.00,9.00,9.00,9.00,9.00,8.00,8.00,4.00,5.00,7.00,9.00,9.00
CELSIA,AUTOGARGOSELCAIRO,D,0.00,0.00,0.00,1.00,3.00,3.00,3.00,3.00,3.00,3.00,3.00,3.00,3.00,3.00,3.00,0.00,0.00,0.00,0.00,1.00,3.00,3.00,3.00,3.00
CELSIA,AUTOGARGOSCARTAGENA,D,0.00,0.00,0.00,0.00,0.00,0.00,0.00,0.00,0.00,1.00,0.00,0.00,0.00,0.00,0.00,0.00,0.00,0.00,0.00,0.00,0.00,0.00,0.00,0.00
CELSIA,AUTOGARGOSYUMBO,D,0.00,0.00,0.00,0.00,0.00,0.00,0.00,0.00,0.00,0.00,0.00,0.00,0.00,0.00,0.00,0.00,0.00,0.00,0.00,0.00,0.00,0.00,0.00,0.00
CEMEX ENERGY,SUEVA2,D,0.00,0.00,0.00,0.00,0.00,0.00,0.00,0.00,0.00,0.00,0.00,0.00,0.00,0.00,0.00,0.00,0.00,0.00,0.00,0.00,0.00,0.00,0.00,0.00
CEMEX ENERGY,CURRUCUCUES,D,0.00,0.00,0.00,0.00,0.00,0.00,0.00,0.00,0.00,0.00,0.00,0.00,0.00,0.00,0.00,0.00,0.00,0.00,0.00,0.00,0.00,0.00,0.00,0.00
CEMEX ENERGY,BIOENERGY,D,0.00,0.00,0.00,0.00,0.00,0.00,0.00,0.00,0.00,0.00,0.00,0.00,0.00,0.00,0.00,0.00,0.00,0.00,0.00,0.00,0.00,0.00,0.00,0.00
CETSA(TULUA),RIOFRIOII1,D,5.00,5.00,5.00,4.00,4.00,5.00,4.00,4.00,4.00,4.00,4.00,4.00,4.00,3.00,3.00,4.00,5.00,5.00,4.00,4.00,5.00,5.00,4.00,5.00
CETSA(TULUA),RIOFRIOII2,D,5.00,5.00,5.00,4.00,4.00,5.00,4.00,4.00,4.00,4.00,4.00,4.00,4.00,3.00,3.00,4.00,5.00,5.00,4.00,4.00,5.00,5.00,4.00,5.00
CETSA(TULUA),RIOFRIOI,D,1.00,1.00,1.00,1.00,1.00,1.00,1.00,1.00,1.00,1.00,1.00,1.00,1.00,1.00,1.00,1.00,1.00,1.00,1.00,1.00,1.00,1.00,1.00,1.00
CETSA(TULUA),RUMOR,D,2.00,2.00,2.00,2.00,2.00,2.00,2.00,2.00,2.00,2.00,2.00,2.00,2.00,2.00,2.00,2.00,2.00,2.00,2.00,2.00,2.00,2.00,2.00,2.00
CH EL EDEN,ELCOCUYO,D,0.00,0.00,0.00,0.00,0.00,0.00,0.00,0.00,0.12,0.12,0.00,0.15,0.15,0.00,0.40,0.60,0.70,0.70,0.00,0.00,0.00,0.00,0.00,0.00
CH EL EDEN,ELEDÉN,D,4.00,4.00,4.00,4.00,4.00,4.00,4.00,4.00,6.00,6.00,6.00,6.00,6.00,6.00,6.00,4.90,4.90,4.90,4.90,4.90,4.90,4.90,4.90,4.90
CHC S.A.S. E.S.P.,MAGALLO,D,5.70,5.70,5.70,5.70,5.70,5.70,5.70,5.70,5.70,5.70,5.70,5.70,5.70,5.70,5.70,5.70,5.70,5.70,5.70,5.70,5.70,5.70,5.70,5.70
DICELER,INGENIOSANCARLOS1,D,0.00,0.00,0.00,0.00,0.00,0.00,0.00,0.00,0.00,0.00,0.00,0.00,0.00,0.00,0.00,0.00,0.00,0.00,0.00,0.00,0.00,0.00,0.00,0.00
EEP(PEREIRA),NUEVOLIBARE,D,3.90,3.90,3.90,3.90,3.90,3.90,3.90,3.90,3.90,3.90,3.90,3.90,3.90,3.90,3.90,3.90,3.90,3.90,3.90,3.90,3.90,3.90,3.90,3.90
EEP(PEREIRA),BELMONTE,D,3.40,3.40,3.40,3.40,3.40,3.40,3.40,3.40,3.40,3.40,3.40,3.40,3.40,3.40,3.40,3.40,3.40,3.40,3.40,3.40,3.40,3.40,3.40,3.40
EEP(PEREIRA),INGENIORISARALDA1,D,15.00,15.00,15.00,15.00,15.00,15.00,15.00,15.00,15.00,15.00,15.00,15.00,15.00,15.00,15.00,15.00,15.00,15.00,15.00,15.00,15.00,15.00,15.00,15.00
EEPPM,ESMERALDA1,D,14,14,14,14,14,14,14,14,14,14,14,14,14,14,14,14,14,14,14,14,14,14,14,14
EEPPM,ESMERALDA2,D,14,14,14,14,14,14,14,14,14,14,14,14,14,14,14,14,14,14,14,14,14,14,14,14
EEPPM,GUATAPE1,D,70,70,70,70,70,70,70,70,70,70,70,70,70,70,70,70,70,70,70,70,70,70,70,70
EEPPM,GUATAPE2,D,70,70,70,70,70,70,70,70,70,70,70,70,70,70,70,70,70,70,70,70,70,70,70,70
EEPPM,GUATAPE3,D,70,70,70,70,70,70,70,70,70,70,70,70,70,70,70,70,70,70,70,70,70,70,70,70
EEPPM,GUATAPE4,D,70,70,70,70,70,70,70,70,70,70,70,70,70,70,70,70,70,70,70,70,70,70,70,70
EEPPM,GUATAPE5,D,70,70,70,70,70,70,70,70,70,70,70,70,70,70,70,70,70,70,70,70,70,70,70,70
EEPPM,GUATAPE6,D,70,70,70,70,70,70,70,70,70,70,70,70,70,70,70,70,70,70,70,70,70,70,70,70
EEPPM,GUATAPE7,D,70,70,70,70,70,70,70,70,70,70,70,70,70,70,70,70,70,70,70,70,70,70,70,70
EEPPM,GUATAPE8,D,70,70,70,70,70,70,70,70,70,70,70,70,70,70,70,70,70,70,70,70,70,70,70,70
EEPPM,LATASAJERA1,D,102,102,102,102,102,102,102,102,102,102,102,102,102,102,102,102,102,102,102,102,102,102,102,102
EEPPM,LATASAJERA2,D,102,102,102,102,102,102,102,102,102,102,102,102,102,102,102,102,102,102,102,102,102,102,102,102
EEPPM,LATASAJERA3,D,102,102,102,102,102,102,102,102,102,102,102,102,102,102,102,102,102,102,102,102,102,102,102,102
EEPPM,PLAYAS1,D,0,0,0,0,0,0,0,0,0,0,0,0,0,0,0,0,0,0,0,0,0,0,0,0
EEPPM,PLAYAS2,D,69,69,69,69,69,69,69,69,69,69,69,69,69,69,69,69,69,69,69,69,69,69,69,69
EEPPM,PLAYAS3,D,0,0,0,0,0,0,0,0,0,0,0,0,0,0,0,0,0,0,0,0,0,0,0,0
EEPPM,SANFRANCISCO1,D,0,0,0,0,0,0,0,45,45,45,45,45,0,0,0,0,0,45,45,45,45,0,0,0
EEPPM,SANFRANCISCO2,D,0,0,0,0,0,0,0,45,45,45,45,45,0,0,0,0,0,0,45,45,45,0,0,0
EEPPM,SANFRANCISCO3,D,0,0,0,0,0,0,0,0,0,0,0,0,0,0,0,0,0,0,45,45,45,0,0,0
EEPPM,GUADALUPE31,D,45,45,45,45,45,45,45,45,45,45,45,45,45,45,45,45,45,45,45,45,45,45,45,45
EEPPM,GUADALUPE32,D,45,45,45,45,45,45,45,45,45,45,45,45,45,45,45,45,45,45,45,45,45,45,45,45
EEPPM,GUADALUPE33,D,0,0,0,0,0,0,0,0,0,0,0,0,0,0,0,0,0,0,0,0,0,0,0,0
EEPPM,GUADALUPE34,D,0,0,0,0,0,0,0,0,0,0,0,0,0,0,0,0,0,0,0,0,0,0,0,0
EEPPM,GUADALUPE35,D,0,0,0,0,0,0,0,0,0,0,0,0,0,0,0,0,0,0,0,0,0,0,0,0
EEPPM,GUADALUPE36,D,0,0,0,0,0,0,0,0,0,0,0,0,0,0,0,0,0,0,0,0,0,0,0,0
EEPPM,GUADALUPE41,D,67,67,67,67,67,67,67,67,67,67,67,67,67,67,67,67,67,67,67,67,67,67,67,67
EEPPM,GUADALUPE42,D,0,0,0,0,0,0,0,0,0,0,0,0,0,0,0,0,0,0,0,0,0,0,0,0
EEPPM,GUADALUPE43,D,0,0,0,0,0,0,0,0,0,0,0,0,0,0,0,0,0,0,0,0,0,0,0,0
EEPPM,TRONERAS1,D,20,20,20,20,20,20,20,20,20,20,20,20,20,20,20,20,20,20,20,20,20,20,20,20
EEPPM,TRONERAS2,D,20,20,20,20,20,20,20,20,20,20,20,20,20,20,20,20,20,20,20,20,20,20,20,20
EEPPM,PORCEII1,D,135,135,135,135,135,135,135,135,135,135,135,135,135,135,135,135,135,135,135,135,135,135,135,135
EEPPM,PORCEII2,D,135,135,135,135,135,135,135,135,135,135,135,135,135,135,135,135,135,135,135,135,135,135,135,135
EEPPM,PORCEII3,D,135,135,135,135,135,135,135,135,135,135,135,135,135,135,135,135,135,135,135,135,135,135,135,135
EEPPM,PORCEIII4,D,175,175,175,175,175,175,175,175,175,175,175,175,175,175,175,175,175,175,175,175,175,175,175,175
EEPPM,PORCEIII3,D,175,175,175,175,175,175,175,175,175,175,175,175,175,175,175,175,175,175,175,175,175,175,175,175
EEPPM,PORCEIII2,D,175,175,175,175,175,175,175,175,175,175,175,175,175,175,175,175,175,175,175,175,175,175,175,175
EEPPM,PORCEIII1,D,175,175,175,175,175,175,175,175,175,175,175,175,175,175,175,175,175,175,175,175,175,175,175,175
EEPPM,TERMOSIERRAB,D,344,344,344,344,344,344,344,340,340,340,340,340,340,340,340,340,340,344,344,344,344,344,344,344
EEPPM,TERMODORADA1,D,23,23,23,23,23,23,23,23,22,22,21,21,21,21,21,21,21,21,22,22,23,23,23,23
EEPPM,INSULA1,D,6.00,6.00,6.00,6.00,6.00,6.00,6.00,6.00,6.00,6.00,6.00,6.00,6.00,6.00,6.00,6.00,6.00,6.00,6.00,6.00,6.00,6.00,6.00,6.00
EEPPM,INSULA2,D,0.00,0.00,0.00,0.00,0.00,0.00,0.00,0.00,0.00,0.00,0.00,0.00,0.00,0.00,0.00,0.00,0.00,0.00,0.00,0.00,0.00,0.00,0.00,0.00
EEPPM,INSULA3,D,7.00,7.00,7.00,7.00,7.00,7.00,7.00,7.00,7.00,7.00,7.00,7.00,7.00,7.00,7.00,7.00,7.00,7.00,7.00,7.00,7.00,7.00,7.00,7.00
EEPPM,LAHERRADURA1,D,9.30,9.30,9.30,9.30,9.30,9.30,9.30,9.30,9.30,9.30,9.30,9.30,9.30,9.30,9.30,9.30,9.30,9.30,9.30,9.30,9.30,9.30,9.30,9.30
EEPPM,LAHERRADURA2,D,9.30,9.30,9.30,9.30,9.30,9.30,9.30,9.30,9.30,9.30,9.30,9.30,9.30,9.30,9.30,9.30,9.30,9.30,9.30,9.30,9.30,9.30,9.30,9.30
EEPPM,AMERICA,D,0.41,0.41,0.41,0.41,0.41,0.41,0.41,0.41,0.41,0.41,0.41,0.41,0.41,0.41,0.41,0.41,0.41,0.41,0.41,0.41,0.41,0.41,0.41,0.41
EEPPM,AYURA,D,12.00,12.00,12.00,12.00,12.00,12.00,12.00,12.00,12.00,12.00,12.00,12.00,12.00,12.00,12.00,12.00,12.00,12.00,12.00,12.00,12.00,12.00,12.00,12.00
EEPPM,BELLO,D,0.35,0.35,0.35,0.35,0.35,0.35,0.35,0.35,0.35,0.35,0.35,0.35,0.35,0.35,0.35,0.35,0.35,0.35,0.35,0.35,0.35,0.35,0.35,0.35
EEPPM,CAMPESTRE(EPM),D,0.87,0.87,0.87,0.87,0.87,0.87,0.87,0.87,0.87,0.87,0.87,0.87,0.87,0.87,0.87,0.87,0.87,0.87,0.87,0.87,0.87,0.87,0.87,0.87
EEPPM,MANANTIALES,D,3.15,3.15,3.15,3.15,3.15,3.15,3.15,3.15,3.15,3.15,3.15,3.15,3.15,3.15,3.15,3.15,3.15,3.15,3.15,3.15,3.15,3.15,3.15,3.15
EEPPM,CEMENTOSDELNARE,D,4.50,4.50,4.50,4.50,4.50,4.50,4.50,4.50,4.50,4.50,4.50,4.50,4.50,4.50,4.50,4.50,4.50,4.50,4.50,4.50,4.50,4.50,4.50,4.50
EEPPM,LAVUELTA,D,10.50,10.50,10.50,10.50,10.50,10.50,10.50,10.50,10.50,10.50,10.50,10.50,10.50,10.50,10.50,10.50,10.50,10.50,10.50,10.50,10.50,10.50,10.50,10.50
EEPPM,CARACOLI,D,2.50,2.50,2.50,2.50,2.50,2.50,2.50,2.50,2.50,2.50,2.50,2.50,2.50,2.50,2.50,2.50,2.50,2.50,2.50,2.50,2.50,2.50,2.50,2.50
EEPPM,RIOGRANDEI,D,0.00,0.00,0.00,0.00,0.00,0.00,0.00,0.00,0.00,0.00,0.00,0.00,0.00,0.00,0.00,0.00,0.00,0.00,0.00,0.00,0.00,0.00,0.00,0.00
EEPPM,SONSON,D,10.50,10.50,10.50,10.50,10.50,10.50,10.50,10.50,10.50,10.50,10.50,10.50,10.50,10.50,10.50,10.50,10.50,10.50,10.50,10.50,10.50,10.50,10.50,10.50
EEPPM,PIEDRASBLANCAS,D,0.00,0.00,0.00,0.00,0.00,0.00,0.00,0.00,0.00,0.00,0.00,0.00,0.00,0.00,0.00,0.00,0.00,0.00,0.00,0.00,0.00,0.00,0.00,0.00
EEPPM,SANJOSEDELAMONTAÑA,D,0.40,0.40,0.40,0.40,0.40,0.40,0.40,0.40,0.40,0.40,0.40,0.40,0.40,0.40,0.40,0.40,0.40,0.40,0.40,0.40,0.40,0.40,0.40,0.40
EEPPM,AMALFI,D,0.81,0.81,0.81,0.81,0.81,0.81,0.81,0.81,0.81,0.81,0.81,0.81,0.81,0.81,0.81,0.81,0.81,0.81,0.81,0.81,0.81,0.81,0.81,0.81
EEPPM,RIOFRIO(TAMESIS),D,0.73,0.73,0.73,0.73,0.73,0.73,0.73,0.73,0.73,0.73,0.73,0.73,0.73,0.73,0.73,0.73,0.73,0.73,0.73,0.73,0.73,0.73,0.73,0.73
EEPPM,GUACAICA,D,0.00,0.00,0.00,0.00,0.00,0.00,0.00,0.00,0.00,0.00,0.00,0.00,0.00,0.00,0.00,0.00,0.00,0.00,0.00,0.00,0.00,0.00,0.00,0.00
EEPPM,INTERMEDIA,D,0.00,0.00,0.00,0.00,0.00,0.00,0.00,0.00,0.00,0.00,0.00,0.00,0.00,0.00,0.00,0.00,0.00,0.00,0.00,0.00,0.00,0.00,0.00,0.00
EEPPM,SANCANCIO,D,1.55,1.55,1.55,1.55,1.55,1.55,1.55,1.55,1.55,1.55,1.55,1.55,1.55,1.55,1.55,1.55,1.55,1.55,1.55,1.55,1.55,1.55,1.55,1.55
EEPPM,NIQUIA,D,12.50,12.50,12.50,12.50,12.50,12.50,12.50,12.50,12.50,12.50,12.50,12.50,12.50,12.50,12.50,12.50,12.50,12.50,12.50,12.50,12.50,12.50,12.50,12.50
EEPPM,NUTIBARA,D,0.75,0.75,0.75,0.75,0.75,0.75,0.75,0.75,0.75,0.75,0.75,0.75,0.75,0.75,0.75,0.75,0.75,0.75,0.75,0.75,0.75,0.75,0.75,0.75
EEPPM,RIOABAJO,D,0.00,0.00,0.00,0.00,0.00,0.00,0.00,0.00,0.00,0.00,0.00,0.00,0.00,0.00,0.00,0.00,0.00,0.00,0.00,0.00,0.00,0.00,0.00,0.00
EEPPM,CASCADA,D,0.00,0.00,0.00,0.00,0.00,0.00,0.00,0.00,0.00,0.00,0.00,0.00,0.00,0.00,0.00,0.00,0.00,0.00,0.00,0.00,0.00,0.00,0.00,0.00
EEPPM,PAJARITO,D,2.70,2.70,2.70,2.70,2.70,2.70,2.70,2.70,2.70,2.70,2.70,2.70,2.70,2.70,2.70,2.70,2.70,2.70,2.70,2.70,2.70,2.70,2.70,2.70
EEPPM,PALMASSANGIL,D,0.00,0.00,0.00,0.00,0.00,0.00,0.00,0.00,0.00,0.00,0.00,0.00,0.00,0.00,0.00,0.00,0.00,0.00,0.00,0.00,0.00,0.00,0.00,0.00
EEPPM,RIOGRANDE,D,0.30,0.30,0.30,0.30,0.30,0.30,0.30,0.30,0.30,0.30,0.30,0.30,0.30,0.30,0.30,0.30,0.30,0.30,0.30,0.30,0.30,0.30,0.30,0.30
EEPPM,MUNICIPAL,D,1.23,1.23,1.23,1.23,1.23,1.23,1.23,1.23,1.23,1.23,1.23,1.23,1.23,1.23,1.23,1.23,1.23,1.23,1.23,1.23,1.23,1.23,1.23,1.23
EEPPM,PORCEIIIMENOR,D,1.00,1.00,1.00,1.00,1.00,1.00,1.00,1.00,1.00,1.00,1.00,1.00,1.00,1.00,1.00,1.00,1.00,1.00,1.00,1.00,1.00,1.00,1.00,1.00
EEPPM,COGENERADORCOLTEJER1,D,0.00,0.00,0.00,0.00,0.00,0.00,0.00,0.00,0.00,0.00,0.00,0.00,0.00,0.00,0.00,0.00,0.00,0.00,0.00,0.00,0.00,0.00,0.00,0.00
EEPPM,JEPIRACHI1-15,D,0.00,0.00,0.00,0.00,0.00,0.00,0.00,0.00,0.00,1.00,0.00,1.00,1.26,1.59,2.43,2.35,2.06,1.96,1.08,1.00,1.00,1.00,1.00,1.00
ELECTROHUILA,IQUIRAI,D,1.30,1.30,1.30,1.30,1.08,1.30,1.08,1.30,1.08,1.30,1.08,1.30,1.08,1.08,1.30,1.30,1.08,1.30,1.30,1.30,1.30,1.30,1.08,1.30
ELECTROHUILA,IQUIRAII,D,0.00,0.00,0.00,0.00,0.00,0.00,0.00,0.00,0.00,0.00,0.00,0.00,0.00,0.00,0.00,0.00,0.00,0.00,0.00,0.00,0.00,0.00,0.00,0.00
ELECTROHUILA,LAPITA,D,0.00,0.00,0.00,0.00,0.00,0.00,0.00,0.00,0.00,0.00,0.00,0.00,0.00,0.00,0.00,0.00,0.00,0.00,0.00,0.00,0.00,0.00,0.00,0.00
EMEE(POPAYAN),COCONUCO,D,1.90,1.90,1.90,1.90,1.90,1.90,1.90,1.90,1.90,1.90,1.90,1.90,1.91,1.90,1.90,1.90,1.90,1.90,1.90,1.90,1.90,1.90,1.90,1.90
EMGESA S.A.,BETANIA1,D,152,152,152,152,152,152,152,152,152,152,152,152,152,152,152,152,152,152,152,152,152,152,152,152
EMGESA S.A.,BETANIA2,D,152,152,152,152,152,152,152,152,152,152,152,152,152,152,152,152,152,152,152,152,152,152,152,152
EMGESA S.A.,BETANIA3,D,152,152,152,152,152,152,152,152,152,152,152,152,152,152,152,152,152,152,152,152,152,152,152,152
EMGESA S.A.,GUAVIO1,D,243,243,243,243,243,243,243,243,243,243,243,243,243,243,243,243,243,243,243,243,243,243,243,243
EMGESA S.A.,GUAVIO2,D,243,243,243,243,243,243,243,243,243,243,243,243,243,243,243,243,243,243,243,243,243,243,243,243
EMGESA S.A.,GUAVIO3,D,243,243,243,243,243,243,243,243,243,243,243,243,243,243,243,243,243,243,243,243,243,243,243,243
EMGESA S.A.,GUAVIO4,D,243,243,243,243,243,243,243,243,243,243,243,243,243,243,243,243,243,243,243,243,243,243,243,243
EMGESA S.A.,GUAVIO5,D,243,243,243,243,243,243,243,243,243,243,243,243,243,243,243,243,243,243,243,243,243,243,243,243
EMGESA S.A.,LAGUACA1,D,108,108,108,108,108,108,108,108,108,108,108,108,108,108,108,108,108,108,108,108,108,108,108,108
EMGESA S.A.,LAGUACA2,D,108,108,108,108,108,108,108,108,108,108,108,108,108,108,108,108,108,108,108,108,108,108,108,108
EMGESA S.A.,LAGUACA3,D,108,108,108,108,108,108,108,108,108,108,108,108,108,108,108,108,108,108,108,108,108,108,108,108
EMGESA S.A.,PARAISO1,D,92,92,92,92,92,92,92,92,92,92,92,92,92,92,92,92,92,92,92,92,92,92,92,92
EMGESA S.A.,PARAISO2,D,92,92,92,92,92,92,92,92,92,92,92,92,92,92,92,92,92,92,92,92,92,92,92,92
EMGESA S.A.,PARAISO3,D,92,92,92,92,92,92,92,92,92,92,92,92,92,92,92,92,92,92,92,92,92,92,92,92
EMGESA S.A.,ELQUIMBO1,D,177,177,177,177,177,177,177,177,177,177,177,177,177,177,177,177,177,177,177,177,177,177,177,177
EMGESA S.A.,ELQUIMBO2,D,177,177,177,177,177,177,177,177,177,177,177,177,177,177,177,177,177,177,177,177,177,177,177,177
EMGESA S.A.,DARIOVALENCIASAMPER1,D,50,0,0,0,0,0,0,50,50,50,50,50,50,50,50,50,50,50,50,50,50,50,50,50
EMGESA S.A.,DARIOVALENCIASAMPER2,D,50,0,0,0,0,0,0,50,50,50,50,50,50,50,50,50,50,50,50,50,50,50,50,50
EMGESA S.A.,DARIOVALENCIASAMPER5,D,50,0,0,0,0,0,0,50,50,50,50,50,50,50,50,50,50,50,50,50,50,50,50,50
EMGESA S.A.,SALTOII2,D,35,0,0,0,0,0,0,35,35,35,35,35,35,35,35,35,35,35,35,35,35,35,35,35
EMGESA S.A.,CARTAGENA1,D,61,61,61,61,61,61,61,61,61,61,61,61,61,61,61,61,61,61,61,61,61,61,61,61
EMGESA S.A.,CARTAGENA2,D,60,60,60,60,60,60,60,60,60,60,60,60,60,60,60,60,60,60,60,60,60,60,60,60
EMGESA S.A.,CARTAGENA3,D,66,66,66,66,66,66,66,66,66,66,66,66,66,66,66,66,66,66,66,66,66,66,66,66
EMGESA S.A.,ZIPAEMG2,D,34,34,34,34,34,34,34,34,34,34,34,34,34,34,34,34,34,34,34,34,34,34,34,34
EMGESA S.A.,ZIPAEMG3,D,63,63,63,63,63,63,63,63,63,63,63,63,63,63,63,63,63,63,63,63,63,63,63,63
EMGESA S.A.,ZIPAEMG4,D,64,64,64,64,64,64,64,64,64,64,64,64,64,64,64,64,64,64,64,64,64,64,64,64
EMGESA S.A.,ZIPAEMG5,D,63,63,63,63,63,63,63,63,63,63,63,63,63,63,63,63,63,63,63,63,63,63,63,63
EMGESA S.A.,CANTAYUS1,D,2.16,2.16,2.16,2.16,2.16,2.16,2.16,2.16,2.16,2.16,2.16,2.16,2.16,2.16,2.16,2.16,2.16,2.16,2.16,2.16,2.16,2.16,2.16,2.16
EMGESA S.A.,CANTAYUS2,D,2.16,2.16,2.16,2.16,2.16,2.16,2.16,2.16,2.16,2.16,2.16,2.16,2.16,2.16,2.16,2.16,2.16,2.16,2.16,2.16,2.16,2.16,2.16,2.16
EMGESA S.A.,CHARQUITO,D,19.40,19.40,19.40,19.40,19.40,19.40,19.40,19.40,19.40,19.40,19.40,19.40,19.40,19.40,19.40,19.40,19.40,19.40,19.40,19.40,19.40,19.40,19.40,19.40
EMGESA S.A.,ELLIMONAR,D,18.00,18.00,18.00,18.00,18.00,18.00,18.00,18.00,18.00,18.00,18.00,18.00,18.00,18.00,18.00,18.00,18.00,18.00,18.00,18.00,18.00,18.00,18.00,18.00
EMGESA S.A.,TEQUENDAMA,D,19.00,19.00,19.00,19.00,19.00,19.00,19.00,19.00,19.00,19.00,19.00,19.00,19.00,19.00,19.00,19.00,19.00,19.00,19.00,19.00,19.00,19.00,19.00,19.00
EMGESA S.A.,RIONEGRO,D,2.00,2.00,2.00,2.00,2.00,2.00,2.00,2.00,2.00,2.00,2.00,2.00,2.00,2.00,2.00,2.00,2.00,2.00,2.00,2.00,2.00,2.00,2.00,2.00
EMGESA S.A.,SANTAANA,D,0.00,0.00,0.00,0.00,0.00,0.00,0.00,0.00,0.00,0.00,0.00,0.00,0.00,0.00,0.00,0.00,0.00,0.00,0.00,0.00,0.00,0.00,0.00,0.00
EMGESA S.A.,SUBA,D,2.34,2.34,2.34,2.34,2.34,2.34,2.34,2.34,2.34,2.34,2.34,2.34,2.34,2.34,2.34,2.34,2.34,2.34,2.34,2.34,2.34,2.34,2.34,2.34
EMGESA S.A.,USAQUEN,D,0.00,0.00,0.00,0.00,0.00,0.00,0.00,0.00,0.00,0.00,0.00,0.00,0.00,0.00,0.00,0.00,0.00,0.00,0.00,0.00,0.00,0.00,0.00,0.00
EMGESA S.A.,LAGUNETA,D,18.00,18.00,18.00,18.00,18.00,18.00,18.00,18.00,18.00,18.00,18.00,18.00,18.00,18.00,18.00,18.00,18.00,18.00,18.00,18.00,18.00,18.00,18.00,18.00
EMGESA S.A.,GUAVIOMENOR,D,5.00,5.00,5.00,5.00,5.00,5.00,5.00,5.00,5.00,5.00,5.00,5.00,5.00,5.00,5.00,5.00,5.00,5.00,5.00,5.00,5.00,5.00,5.00,5.00
EMGESA S.A.,AUTOGREFICAR,D,9.00,9.00,9.00,9.00,9.00,9.00,9.00,9.00,9.00,9.00,9.00,9.00,9.00,9.00,9.00,9.00,9.00,9.00,9.00,9.00,9.00,9.00,9.00,9.00
EMSA(META),AUTOGYAGUARITO,D,0.44,0.57,0.65,0.63,0.46,0.50,0.46,0.50,0.50,0.53,0.50,0.53,0.49,0.50,0.47,0.53,0.53,0.55,0.63,0.59,0.56,0.59,0.50,0.44
ENERCO,PUENTEGUILLERMO,D,1.00,1.00,1.00,1.00,1.00,1.00,1.00,1.00,1.00,1.00,1.00,1.00,1.00,1.00,1.00,1.00,1.00,1.00,1.00,1.00,1.00,1.00,1.00,1.00
ENERCO,LACASCADA(ABEJORRAL),D,0.00,0.00,0.00,0.00,0.00,0.00,0.00,0.00,0.00,0.00,0.00,0.00,0.00,0.00,0.00,0.00,0.00,0.00,0.00,0.00,0.00,0.00,0.00,0.00
ENERCO,SANTARITA,D,0.00,0.00,0.00,0.00,0.00,0.00,0.00,0.00,0.00,0.00,0.00,0.00,0.00,0.00,0.00,0.00,0.00,0.00,0.00,0.00,0.00,0.00,0.00,0.00
ENERCO,TEQUENDAMABIOGAS,D,1.50,1.50,1.50,1.50,1.50,1.50,1.50,1.50,1.50,1.50,1.50,1.50,1.50,1.50,1.50,1.50,1.50,1.50,1.50,1.50,1.50,1.50,1.50,1.50
ENERGETICA,COELLO,D,1.00,1.00,1.00,1.00,1.00,1.00,1.00,1.00,1.00,1.00,1.00,1.00,1.00,1.00,1.00,1.00,1.00,1.00,1.00,1.00,1.00,1.00,1.00,1.00
ENERGIA RIO PIEDRAS,AGUAFRESCA,D,7.29,7.29,7.29,7.29,7.29,7.29,7.29,7.29,7.29,7.29,7.29,7.29,7.29,7.29,7.29,7.29,7.29,7.29,7.29,7.29,7.29,7.29,7.29,7.29
ENREVSA E.S.P.,ELBOSQUE,D,1.60,1.60,1.60,1.60,1.60,1.60,1.60,1.60,1.60,1.60,1.60,1.60,1.60,1.60,1.60,1.60,1.60,1.60,1.60,1.60,1.60,1.60,1.60,1.60
EPSA(PACIFICO),CALIMA1,D,33,33,33,33,33,33,33,33,33,33,33,33,33,33,33,33,33,33,33,33,33,33,33,33
EPSA(PACIFICO),CALIMA2,D,33,33,33,33,33,33,33,33,33,33,33,33,33,33,33,33,33,33,33,33,33,33,33,33
EPSA(PACIFICO),CALIMA3,D,33,33,33,33,33,33,33,33,33,33,33,33,33,33,33,33,33,33,33,33,33,33,33,33
EPSA(PACIFICO),CALIMA4,D,33,33,33,33,33,33,33,33,33,33,33,33,33,33,33,33,33,33,33,33,33,33,33,33
EPSA(PACIFICO),PRADO1,D,15,15,15,15,15,15,15,15,15,15,15,15,15,15,15,15,15,15,15,15,15,15,15,15
EPSA(PACIFICO),PRADO2,D,16,16,16,16,16,16,16,16,16,16,16,16,16,16,16,16,16,16,16,16,16,16,16,16
EPSA(PACIFICO),PRADO3,D,15,15,15,15,15,15,15,15,15,15,15,15,15,15,15,15,15,15,15,15,15,15,15,15
EPSA(PACIFICO),SALVAJINA1,D,0,0,0,0,0,0,0,0,0,0,0,0,0,0,0,0,0,0,0,0,0,0,0,0
EPSA(PACIFICO),SALVAJINA2,D,95,95,95,95,95,95,95,95,95,95,95,95,95,95,95,95,95,95,95,95,95,95,95,95
EPSA(PACIFICO),SALVAJINA3,D,95,95,95,95,95,95,95,95,95,95,95,95,95,95,95,95,95,95,95,95,95,95,95,95
EPSA(PACIFICO),ALTOANCHICAYA1,D,115,115,115,115,115,115,115,115,115,115,115,115,115,115,115,115,115,115,115,115,115,115,115,115
EPSA(PACIFICO),ALTOANCHICAYA2,D,120,120,120,120,120,120,120,120,120,120,120,120,120,120,120,120,120,120,120,120,120,120,120,120
EPSA(PACIFICO),ALTOANCHICAYA3,D,120,120,120,120,120,120,120,120,120,120,120,120,120,120,120,120,120,120,120,120,120,120,120,120
EPSA(PACIFICO),BAJOANCHICAYA1,D,0,0,0,0,0,0,0,0,0,0,0,0,0,0,0,0,0,0,0,0,0,0,0,0
EPSA(PACIFICO),BAJOANCHICAYA2,D,0,0,0,0,0,0,0,0,0,0,0,0,0,0,0,0,0,0,0,0,0,0,0,0
EPSA(PACIFICO),BAJOANCHICAYA3,D,0,0,0,0,0,0,0,0,0,0,0,0,0,0,0,0,0,0,0,0,0,0,0,0
EPSA(PACIFICO),BAJOANCHICAYA4,D,0,0,0,0,0,0,0,0,0,0,0,0,0,0,0,0,0,0,0,0,0,0,0,0
EPSA(PACIFICO),CUCUANA1,D,15,15,15,15,15,15,15,15,15,15,15,15,15,15,15,15,15,15,15,15,15,15,15,15
EPSA(PACIFICO),CUCUANA2,D,15,15,15,15,15,15,15,15,15,15,15,15,15,15,15,15,15,15,15,15,15,15,15,15
EPSA(PACIFICO),PRADO4,D,5.00,5.00,5.00,5.00,5.00,5.00,5.00,5.00,5.00,5.00,5.00,5.00,5.00,5.00,5.00,5.00,5.00,5.00,5.00,5.00,5.00,5.00,5.00,5.00
EPSA(PACIFICO),RIOCALI1,D,0.00,0.00,0.00,0.00,0.00,0.00,0.00,0.00,0.00,0.00,0.00,0.00,0.00,0.00,0.00,0.00,0.00,0.00,0.00,0.00,0.00,0.00,0.00,0.00
EPSA(PACIFICO),RIOCALI2,D,0.00,0.00,0.00,0.00,0.00,0.00,0.00,0.00,0.00,0.00,0.00,0.00,0.00,0.00,0.00,0.00,0.00,0.00,0.00,0.00,0.00,0.00,0.00,0.00
EPSA(PACIFICO),BAJOTULUA1,D,7.00,8.00,8.00,8.00,8.00,7.00,7.00,7.00,7.00,7.00,7.00,7.00,7.00,6.00,6.00,7.00,7.00,9.00,7.00,0.00,0.00,0.00,0.00,0.00
EPSA(PACIFICO),BAJOTULUA2,D,7.00,8.00,8.00,8.00,8.00,7.00,7.00,7.00,7.00,7.00,7.00,7.00,7.00,6.00,6.00,7.00,7.00,9.00,7.00,0.00,0.00,0.00,0.00,0.00
EPSA(PACIFICO),ALTOTULUA1,D,4.00,4.00,4.00,4.00,4.00,4.00,4.00,4.00,4.00,4.00,4.00,4.00,4.00,4.00,4.00,4.00,5.00,3.00,0.00,0.00,0.00,0.00,0.00,0.00
EPSA(PACIFICO),ALTOTULUA2,D,4.00,4.00,4.00,4.00,4.00,4.00,4.00,4.00,4.00,4.00,4.00,4.00,4.00,4.00,4.00,4.00,5.00,3.00,0.00,0.00,0.00,0.00,0.00,0.00
EPSA(PACIFICO),NIMA,D,5.00,5.00,5.00,5.00,5.00,5.00,5.00,5.00,5.00,5.00,5.00,5.00,5.00,5.00,4.00,4.00,5.00,5.00,5.00,5.00,5.00,5.00,5.00,5.00
EPSA(PACIFICO),AMAIME,D,9.00,9.00,9.00,9.00,9.00,9.00,9.00,9.00,9.00,9.00,9.00,9.00,9.00,9.00,9.00,9.00,9.00,9.00,9.00,9.00,9.00,9.00,9.00,9.00
EPSA(PACIFICO),MAYAGUEZ1,D,3.00,3.00,3.00,3.00,3.00,3.00,3.00,3.00,3.00,3.00,3.00,3.00,3.00,3.00,3.00,3.00,3.00,3.00,3.00,3.00,3.00,3.00,3.00,3.00
EPSA(PACIFICO),INGENIOMANUELITA,D,0.00,0.00,0.00,0.00,0.00,0.00,0.00,0.00,0.00,0.00,0.00,0.00,0.00,0.00,0.00,0.00,0.00,0.00,0.00,0.00,0.00,0.00,0.00,0.00
EPSA(PACIFICO),CELSIASOLARYUMBO,D,0.00,0.00,0.00,0.00,0.00,0.00,0.00,1.00,2.00,3.00,2.00,6.00,2.00,4.00,3.00,2.00,0.00,0.00,0.00,0.00,0.00,0.00,0.00,0.00
ESSA(SANTANDER),COROZO1,D,0.00,0.00,0.00,0.00,0.00,0.00,0.00,0.00,0.00,0.00,0.00,0.00,0.00,0.00,0.00,0.00,0.00,0.00,0.00,0.00,0.00,0.00,0.00,0.00
GEC S.A. E.S.P.,SANJOSE,D,0.00,0.00,0.00,0.00,0.00,0.00,0.00,0.00,0.00,0.00,0.00,0.00,0.00,0.00,0.00,0.00,0.00,0.00,0.00,0.00,0.00,0.00,0.00,0.00
GECELCA S.A. E.S.P,GUAJIRA1,D,145,145,145,145,145,145,145,145,145,145,145,145,145,145,145,145,145,145,145,145,145,145,145,145
GECELCA S.A. E.S.P,GUAJIRA2,D,145,145,145,145,145,145,145,145,145,145,145,145,145,145,145,145,145,145,145,145,145,145,145,145
GECELCA S.A. E.S.P,GECELCA3,D,0,0,0,0,0,0,0,0,0,0,0,0,0,0,0,0,0,0,0,0,0,0,0,0
GENERADORA LUZMA,LUZMAI1,D,9.60,9.60,9.60,9.60,9.60,9.60,9.60,9.60,9.60,9.60,9.60,9.60,9.60,9.60,9.60,9.60,9.60,9.60,9.60,9.60,9.60,9.60,9.60,9.60
GENERADORA LUZMA,LUZMAII1,D,0.00,0.00,0.00,0.00,0.00,0.00,0.00,0.00,0.00,0.00,0.00,0.00,0.00,0.00,0.00,0.00,0.00,0.00,0.00,0.00,0.00,0.00,0.00,0.00
GENERADORA LUZMA,LUZMAII2,D,9.60,9.60,9.60,9.60,9.60,9.60,9.60,9.60,9.60,9.60,9.60,9.60,9.60,9.60,9.60,9.60,9.60,9.60,9.60,9.60,9.60,9.60,9.60,9.60
GENERADORA LUZMA,LUZMAI2,D,9.60,9.60,9.60,9.60,9.60,9.60,9.60,9.60,9.60,9.60,9.60,9.60,9.60,9.60,9.60,9.60,9.60,9.60,9.60,9.60,9.60,9.60,9.60,9.60
GENERAMOS ENERGIA,URRAO,D,0.80,0.80,0.80,0.80,0.80,0.80,0.80,0.80,0.80,0.80,0.80,0.80,0.80,0.80,0.80,0.80,0.80,0.80,0.80,0.80,0.80,0.80,0.80,0.80
GENERPUTUMAYO,SANFRANCISCO(PUTUMAYO),D,0.20,0.20,0.20,0.20,0.20,0.20,0.20,0.20,0.20,0.20,0.20,0.20,0.20,0.20,0.20,0.20,0.20,0.20,0.20,0.20,0.20,0.46,0.46,0.46
GENERPUTUMAYO,LAFRISOLERA,D,0.20,0.20,0.20,0.20,0.20,0.20,0.20,0.20,0.20,0.20,0.20,0.20,0.20,0.20,0.20,0.20,0.20,0.20,0.20,0.20,0.20,0.20,0.20,0.20
GENERSA,TERMOBOLIVAR1,D,0.00,0.00,0.00,0.00,0.00,0.00,0.00,0.00,0.00,0.00,0.00,0.00,0.00,0.00,0.00,0.00,0.00,0.00,0.00,0.00,0.00,0.00,0.00,0.00
GENSA,PAIPA1,D,31,31,31,31,31,31,31,31,31,31,31,31,31,31,31,31,31,31,31,31,31,31,31,31
GENSA,PAIPA2,D,70,70,70,70,70,70,70,70,70,70,70,70,70,70,70,70,70,70,70,70,70,70,70,70
GENSA,PAIPA3,D,67,67,67,67,67,67,67,67,67,67,67,67,67,67,67,67,67,67,67,67,67,67,67,67
GENSA,PAIPA4,D,154,154,154,154,154,154,154,154,154,154,154,154,154,154,154,154,154,154,154,154,154,154,154,154
HZ ENERGY,REMEDIOS,D,0.00,0.00,0.00,0.00,0.00,0.00,0.00,0.00,0.00,0.00,0.00,0.00,0.00,0.00,0.00,0.00,0.00,0.00,0.00,0.00,0.00,0.00,0.00,0.00
HZ ENERGY,LAREBUSCA,D,0.63,0.63,0.63,0.63,0.63,0.63,0.63,0.63,0.63,0.63,0.63,0.63,0.63,0.63,0.63,0.63,0.63,0.63,0.63,0.63,0.63,0.63,0.63,0.63
HZ ENERGY,PROVIDENCIA,D,4.90,4.90,4.90,4.90,4.90,4.90,4.90,4.90,4.90,4.90,4.90,4.90,4.90,4.90,4.90,4.90,4.90,4.90,4.90,4.90,4.90,4.90,4.90,4.90
IAC ENERGY,LANAVETA,D,4.00,4.00,4.00,4.00,4.00,4.00,4.00,4.00,4.00,4.00,4.00,4.00,4.00,4.00,4.00,4.00,4.00,4.00,4.00,4.00,4.00,4.00,4.00,4.00
ISAGEN,JAGUAS1,D,85,85,85,85,85,85,85,85,85,85,85,85,85,85,85,85,85,85,85,85,85,85,85,85
ISAGEN,JAGUAS2,D,85,85,85,85,85,85,85,85,85,85,85,85,85,85,85,85,85,85,85,85,85,85,85,85
ISAGEN,SANCARLOS1,D,155,155,155,155,155,155,155,155,155,155,155,155,155,155,155,155,155,155,155,155,155,155,155,155
ISAGEN,SANCARLOS2,D,155,155,155,155,155,155,155,155,155,155,155,155,155,155,155,155,155,155,155,155,155,155,155,155
ISAGEN,SANCARLOS3,D,155,155,155,155,155,155,155,155,155,155,155,155,155,155,155,155,155,155,155,155,155,155,155,155
ISAGEN,SANCARLOS4,D,155,155,155,155,155,155,155,155,155,155,155,155,155,155,155,155,155,155,155,155,155,155,155,155
ISAGEN,SANCARLOS5,D,155,155,155,155,155,155,155,155,155,155,155,155,155,155,155,155,155,155,155,155,155,155,155,155
ISAGEN,SANCARLOS6,D,155,155,155,155,155,155,155,155,155,155,155,155,155,155,155,155,155,155,155,155,155,155,155,155
ISAGEN,SANCARLOS7,D,155,155,155,155,155,155,155,155,155,155,155,155,155,155,155,155,155,155,155,155,155,155,155,155
ISAGEN,SANCARLOS8,D,155,155,155,155,155,155,155,155,155,155,155,155,155,155,155,155,155,155,155,155,155,155,155,155
ISAGEN,MIELI1,D,132,132,132,132,132,132,132,132,132,132,132,132,132,132,132,132,132,132,132,132,132,132,132,132
ISAGEN,MIELI2,D,132,132,132,132,132,132,132,132,132,132,132,132,132,132,132,132,132,132,132,132,132,132,132,132
ISAGEN,MIELI3,D,132,132,132,132,132,132,132,132,132,132,132,132,132,132,132,132,132,132,132,132,132,132,132,132
ISAGEN,AMOYALAESPERANZA1,D,35,35,35,35,35,35,35,35,35,35,35,35,35,35,35,35,35,35,35,35,35,35,35,35
ISAGEN,AMOYALAESPERANZA2,D,35,35,35,35,35,35,35,35,35,35,35,35,35,35,35,35,35,35,35,35,35,35,35,35
ISAGEN,SOGAMOSO1,D,273,273,273,273,273,273,273,273,273,273,273,273,273,273,273,273,273,273,273,273,273,273,273,273
ISAGEN,SOGAMOSO2,D,273,273,273,273,273,273,273,273,273,273,273,273,273,273,273,273,273,273,273,273,273,273,273,273
ISAGEN,SOGAMOSO3,D,273,273,273,273,273,273,273,273,273,273,273,273,273,273,273,273,273,273,273,273,273,273,273,273
ISAGEN,CUATRICENTENARIO1,D,0.00,0.00,0.00,0.00,0.00,0.00,0.00,0.00,0.00,0.00,0.00,0.00,0.00,0.00,0.00,0.00,0.00,0.00,0.00,0.00,0.00,0.00,0.00,0.00
ISAGEN,TERMOCENTROCC,D,279,279,279,279,279,279,279,279,279,279,279,279,279,279,279,279,279,279,279,279,279,279,279,279
ISAGEN,CALDERAS1,D,1.00,1.00,1.00,1.00,1.00,1.00,1.00,1.00,1.00,2.90,2.90,2.90,2.90,2.90,2.90,2.90,2.90,2.90,2.90,2.90,1.00,1.00,1.00,1.00
ISAGEN,CALDERAS2,D,1.00,1.00,1.00,1.00,1.00,1.00,1.00,1.00,1.00,2.90,2.90,2.90,2.90,2.90,2.90,2.90,2.90,2.90,2.90,2.90,1.00,1.00,1.00,1.00
MULCALARCA,BAYONA,D,0.00,0.00,0.00,0.00,0.00,0.00,0.00,0.00,0.00,0.00,0.00,0.00,0.00,0.00,0.00,0.00,0.00,0.00,0.00,0.00,0.00,0.00,0.00,0.00
MULCALARCA,CAMPESTRE(CALARCA),D,0.70,0.70,0.70,0.70,0.70,0.70,0.70,0.70,0.70,0.70,0.70,0.70,0.70,0.70,0.70,0.70,0.70,0.70,0.70,0.70,0.70,0.70,0.70,0.70
MULCALARCA,UNION,D,0.60,0.60,0.60,0.60,0.60,0.60,0.60,0.60,0.60,0.60,0.60,0.60,0.60,0.60,0.60,0.60,0.60,0.60,0.60,0.60,0.60,0.60,0.60,0.60
PCH ALEJANDRÍA,ALEJANDRÍA,D,7.50,7.50,7.50,7.50,7.50,7.50,7.50,7.50,7.50,7.50,7.50,7.50,7.50,7.50,7.50,7.50,7.50,7.50,7.50,7.50,7.50,7.50,7.50,7.50
PROELECTRICA,PROELECTRICA1,D,45,45,45,45,45,45,45,45,45,45,45,45,45,45,45,45,45,45,45,45,45,45,45,45
PROELECTRICA,PROELECTRICA2,D,45,45,45,45,45,45,45,45,45,45,45,45,45,45,45,45,45,45,45,45,45,45,45,45
PROENCA,PROENCA,D,17.00,17.00,17.00,17.00,17.00,17.00,17.00,17.00,17.00,17.00,17.00,17.00,17.00,17.00,17.00,17.00,17.00,17.00,17.00,17.00,17.00,17.00,17.00,17.00
PROENCA,PROENCAII,D,0.00,0.00,0.00,0.00,0.00,0.00,0.00,0.00,0.00,0.00,0.00,0.00,0.00,0.00,0.00,0.00,0.00,0.00,0.00,0.00,0.00,0.00,0.00,0.00
RIOEN SAS  E.S.P.,CENTRALCASTILLA1,D,0.00,0.00,0.00,0.00,0.00,0.00,0.00,0.00,0.00,0.00,0.00,0.00,0.00,0.00,0.00,0.00,0.00,0.00,0.00,0.00,0.00,0.00,0.00,0.00
RIOEN SAS  E.S.P.,INGENIORIOPAILA1,D,0.00,0.00,0.00,0.00,0.00,0.00,0.00,0.00,0.00,0.00,0.00,0.00,0.00,0.00,0.00,0.00,0.00,0.00,0.00,0.00,0.00,0.00,0.00,0.00
RISARALDA ENERGIA,MORROAZUL,D,17.38,17.38,17.38,17.38,17.38,17.38,17.38,17.38,17.38,17.38,17.38,17.38,17.38,17.38,17.38,17.38,17.38,17.38,17.38,17.38,17.38,17.38,17.38,17.38
SURENERGY,PURIFICACION,D,0.00,0.00,0.00,0.00,0.00,0.00,0.00,0.00,0.00,0.00,0.00,0.00,0.00,0.00,0.00,0.00,0.00,0.00,0.00,0.00,0.00,0.00,0.00,0.00
TEBSA S.A. (E.S.P.),TEBSAB,D,791,791,791,791,791,791,791,791,791,791,791,791,791,791,791,791,791,791,791,791,791,791,791,791
TEBSA S.A. (E.S.P.),BARRANQUILLA3,D,60,60,60,60,60,60,60,60,60,60,60,60,60,60,60,60,60,60,60,60,60,60,60,60
TEBSA S.A. (E.S.P.),BARRANQUILLA4,D,55,55,55,55,55,55,55,55,55,55,55,55,55,55,55,55,55,55,55,55,55,55,55,55
TERMO MECHERO,TERMOMECHERO5,D,0.00,0.00,0.00,0.00,0.00,0.00,0.00,0.00,9.00,9.00,9.00,9.00,9.00,9.00,9.00,9.00,0.00,0.00,0.00,0.00,0.00,0.00,0.00,0.00
TERMOCANDELARIA,TERMOCANDELARIA1,D,157,157,157,157,157,157,157,157,157,157,157,157,157,157,157,157,157,157,157,157,157,157,157,157
TERMOCANDELARIA,TERMOCANDELARIA2,D,157,157,157,157,157,157,157,157,157,157,157,157,157,157,157,157,157,157,157,157,157,157,157,157
TERMOEMCALI,TERMOEMCALI1,D,213,213,213,213,213,213,213,213,213,213,213,213,213,213,213,213,213,213,213,213,213,213,213,213
TERMOPIEDRAS S.A.,TERMOPIEDRAS,D,3.75,3.75,3.75,3.75,3.75,3.75,3.75,3.75,3.75,3.75,3.75,3.75,3.75,3.75,3.75,3.75,3.75,3.75,3.75,3.75,3.75,3.75,3.75,3.75
TERMOTASAJERO,TASAJERO1,D,163,163,163,163,163,163,163,163,163,163,163,163,163,163,163,163,163,163,163,163,163,163,163,163
TERMOTASAJERO DOS,TASAJERO2,D,165,165,165,165,165,165,165,165,165,165,165,165,165,165,165,165,165,165,165,165,165,165,165,165
TERMOVALLE,TERMOVALLE1,D,197,197,197,197,197,197,197,197,197,197,197,197,197,197,197,197,197,197,197,197,197,197,197,197
TERMOYOPAL,TERMOYOPAL2,D,30,30,30,30,30,30,30,30,30,30,30,30,30,30,30,30,30,30,30,30,30,30,30,30
TERMOYOPAL,TERMOYOPAL1,D,19.90,19.90,19.90,19.90,19.90,19.90,19.90,19.90,19.90,19.90,19.90,19.90,19.90,19.90,19.90,19.90,19.90,19.90,19.90,19.90,19.90,19.90,19.90,19.90
URRA,URRA1,D,0,0,0,0,0,0,0,0,0,0,0,0,0,0,0,0,0,0,0,0,0,0,0,0
URRA,URRA2,D,81,81,81,81,81,81,81,81,81,81,81,81,81,81,81,81,81,81,81,81,81,81,81,81
URRA,URRA3,D,80,80,80,80,80,80,80,80,80,80,80,80,80,80,80,80,80,80,80,80,80,80,80,80
URRA,URRA4,D,80,80,80,80,80,80,80,80,80,80,80,80,80,80,80,80,80,80,80,80,80,80,80,80
VATIA S.A.,CARLOSLLERAS1,D,17,17,17,17,17,17,17,17,17,17,17,17,17,17,17,17,17,17,17,17,17,17,17,17
VATIA S.A.,CARLOSLLERAS2,D,17,17,17,17,17,17,17,17,17,17,17,17,17,17,17,17,17,17,17,17,17,17,17,17
VATIA S.A.,FLORIDA21,D,0.00,0.00,0.00,0.00,0.00,0.00,0.00,0.00,0.00,0.00,6.00,6.00,6.00,6.00,6.00,6.00,9.50,9.50,9.50,9.50,9.50,9.50,0.00,0.00
VATIA S.A.,FLORIDA22,D,6.20,6.20,6.20,6.20,6.20,6.20,6.20,6.20,6.20,6.20,6.00,6.00,6.00,6.00,6.00,6.00,9.50,9.50,9.50,9.50,9.50,9.50,6.20,6.20
VATIA S.A.,LASPALMAS1,D,0.00,0.00,0.00,0.00,0.00,0.00,0.00,0.00,0.00,0.00,0.00,0.00,0.00,0.00,0.00,0.00,0.00,0.00,0.00,0.00,0.00,0.00,0.00,0.00
VATIA S.A.,LASPALMAS2,D,1.20,1.20,1.20,1.20,1.20,1.20,1.20,1.20,1.20,1.20,1.20,1.20,1.20,1.20,1.20,1.20,1.20,1.20,1.20,1.20,1.20,1.20,1.20,1.20
VATIA S.A.,OVEJAS,D,0.00,0.00,0.00,0.00,0.00,0.00,0.00,0.00,0.00,0.00,0.00,0.00,0.00,0.00,0.00,0.00,0.00,0.00,0.00,0.00,0.00,0.00,0.00,0.00
VATIA S.A.,PASTALES,D,0.65,0.65,0.65,0.65,0.65,0.65,0.65,0.65,0.65,0.65,0.65,0.65,0.65,0.65,0.65,0.65,0.65,0.65,0.65,0.65,0.65,0.65,0.65,0.65
VATIA S.A.,MONDOMO,D,0.43,0.43,0.43,0.43,0.43,0.43,0.43,0.43,0.43,0.43,0.43,0.43,0.43,0.43,0.43,0.43,0.43,0.43,0.43,0.43,0.43,0.43,0.43,0.43
VATIA S.A.,ASNAZU,D,0.45,0.45,0.45,0.45,0.45,0.45,0.45,0.45,0.45,0.45,0.45,0.45,0.45,0.45,0.45,0.45,0.45,0.45,0.45,0.45,0.45,0.45,0.45,0.45
VATIA S.A.,INZA,D,0.00,0.00,0.00,0.00,0.00,0.00,0.00,0.00,0.00,0.00,0.00,0.00,0.00,0.00,0.00,0.00,0.00,0.00,0.00,0.00,0.00,0.00,0.00,0.00
VATIA S.A.,MIROLINDO,D,2.96,2.96,2.96,2.96,2.96,2.96,2.96,2.96,2.96,2.96,2.96,2.96,2.96,2.96,2.96,2.96,2.96,2.96,2.96,2.96,2.96,2.96,2.96,2.96
VATIA S.A.,SAJANDI,D,2.65,2.65,2.65,2.65,2.65,2.65,2.65,2.65,2.65,2.65,2.65,2.65,2.65,2.65,2.65,2.65,2.65,2.65,2.65,2.65,2.65,2.65,2.65,2.65
VATIA S.A.,SILVIA,D,0.35,0.35,0.35,0.35,0.35,0.35,0.35,0.35,0.35,0.35,0.35,0.35,0.35,0.35,0.35,0.35,0.35,0.35,0.35,0.35,0.35,0.35,0.35,0.35
VATIA S.A.,RIORECIO,D,0.00,0.00,0.00,0.00,0.00,0.00,0.00,0.00,0.00,0.00,0.00,0.00,0.00,0.00,0.00,0.00,0.00,0.00,0.00,0.00,0.00,0.00,0.00,0.00
VATIA S.A.,VENTANAA,D,1.19,1.19,1.19,1.19,1.19,1.19,1.19,1.19,1.19,1.19,1.19,1.19,1.19,1.19,1.19,1.19,1.19,1.19,1.19,1.19,1.19,1.19,1.19,1.19
VATIA S.A.,VENTANAB,D,1.99,1.99,1.99,1.99,1.99,1.99,1.99,1.99,1.99,1.99,1.99,1.99,1.99,1.99,1.99,1.99,1.99,1.99,1.99,1.99,1.99,1.99,1.99,1.99
VATIA S.A.,RIOPALO,D,1.10,1.10,1.10,1.10,1.10,1.10,1.10,1.10,1.10,1.10,1.10,1.10,1.10,1.10,1.10,1.10,1.10,1.10,1.10,1.10,1.10,1.10,1.10,1.10
VATIA S.A.,SANTIAGO,D,1.52,1.52,1.52,1.52,1.52,1.52,1.52,1.52,1.52,1.52,1.52,1.52,1.52,1.52,1.52,1.52,1.52,1.52,1.52,1.52,1.52,1.52,1.52,1.52
VATIA S.A.,INCAUCA1,D,8.50,8.50,8.50,8.50,8.50,8.50,8.50,8.50,8.50,8.50,8.50,8.50,8.50,8.50,8.50,8.50,8.50,8.50,8.50,8.50,8.50,8.50,8.50,8.50
VATIA S.A.,INGENIOPROVIDENCIA2,D,13.80,13.80,13.80,13.80,13.80,13.80,13.80,13.80,13.80,13.80,13.80,13.80,13.80,13.80,13.80,13.80,13.80,13.80,13.80,13.80,13.80,13.80,13.80,13.80
ZF CELSIA,FLORES1,D,0,0,0,0,0,0,0,0,0,0,0,0,0,0,0,0,0,0,0,0,0,0,0,0
ZF CELSIA,FLORES4B,D,450,450,450,450,450,450,450,450,450,450,450,450,450,450,450,450,450,450,450,450,450,450,450,450
